CREATE TABLE COUNTRIES (COUNTRY_ID CHAR(2) NOT NULL, COUNTRY_NAME VARCHAR(40), REGION_ID DECIMAL);

CREATE TABLE DEPARTMENTS (DEPARTMENT_ID DECIMAL(4) NOT NULL, DEPARTMENT_NAME VARCHAR(30) NOT NULL, MANAGER_ID DECIMAL(6), LOCATION_ID DECIMAL(4));

CREATE TABLE EMPLOYEES (EMPLOYEE_ID DECIMAL(6) NOT NULL, FIRST_NAME VARCHAR(20), LAST_NAME VARCHAR(25) NOT NULL, EMAIL VARCHAR(25) NOT NULL, PHONE_DECIMAL VARCHAR(20), HIRE_DATE DATE NOT NULL, JOB_ID VARCHAR(10), SALARY DECIMAL(8,2), COMMISSION_PCT DECIMAL(2,2), MANAGER_ID DECIMAL(6), DEPARTMENT_ID DECIMAL(4));

CREATE TABLE JOBS (JOB_ID VARCHAR(10) NOT NULL, JOB_TITLE VARCHAR(35) NOT NULL, MIN_SALARY DECIMAL(6), MAX_SALARY DECIMAL(6));

CREATE TABLE  JOB_GRADES (GRADE_LEVEL VARCHAR(3), LOWEST_SAL DECIMAL, HIGHEST_SAL DECIMAL);

CREATE TABLE JOB_HISTORY (EMPLOYEE_ID DECIMAL(6) NOT NULL, START_DATE DATE NOT NULL, END_DATE DATE NOT NULL, JOB_ID VARCHAR(10) NOT NULL, DEPARTMENT_ID DECIMAL(4));

CREATE TABLE LOCATIONS(LOCATION_ID DECIMAL(4) NOT NULL, STREET_ADDRESS VARCHAR(40), POSTAL_CODE VARCHAR(12), CITY VARCHAR(30) NOT NULL, STATE_PROVINCE VARCHAR(25), COUNTRY_ID CHAR(2));

CREATE TABLE REGIONS (REGION_ID DECIMAL NOT NULL, REGION_NAME VARCHAR(25));


-- CONSTRAINT My_Composite_Key PRIMARY KEY (S_Name, Parent_Contact_No)
/*
CREATE TABLE SAMPLE_TABLE(COL1 integer,
COL2 NVARCHAR(30),
COL3 NVARCHAR(50),
PRIMARY KEY(COL1,COL2)*/

/*At the Column Level:
---- create a table ----

Create table Table_Name 

(

    COL1 data_type1 NOT NULL,

    COL2 data_type2 NOT NULL,

    COL3 data_type3 

   ---- declare the primary key ----

   ---- after declaring all columns ----

    PRIMARY KEY (COL1)

);

*/
/* At the Row-Level:
---- create a table ---- 

Create table Table_Name 

(

   ---- declare the primary key ----

   ---- while declaring the columns ----

    COL1 data_type1 PRIMARY KEY,

    COL2 data_type2 NOT NULL,

    COL3 data_type3,

);*/


/* DATATYPE IN SQL SERVER

*** EXACT NUMERIC DATA TYPE *****
1. INT
2. DECIMAL
3. NUMERIC
4. MONEY
5. SMALLMONEY
6. SMALLINT
7. BIGINT
8. TINYINT
9. BIT
*** APPROXIMATE DATA TYPE ***
1. FLOAT
2. REAL

*** CHARACTER STRING DATA TYPES ***

1. CHAR
2. VARCHAR
3. VARCHAR(MAX)
4. TEXT

*** UNICODE CHARACTER STRINGS DATATYPES ***
1. NCHAR
2. NVARCHAR
3. NVARCHAR(MAX)
4. NTEXT

*** BINARY DATA TYPES ***

1. BINARY
2. VARBINARY
3. VARBINARY(MAX)
4. IMAGE

*** DATE AND TIME DATATYPE ***
1. DATETIME
2. SMALLDATETIME
3. DATE
4. TIME

*** MISC DATA TYPES ***
1. SQL_VARIANT
2. TIMESTAMP
3. UNIQUEIDENTIFIER
4. XML
5. CURSOR
6. TABLE
*/


-- TRUNCATE ALL TABLES
TRUNCATE TABLE COUNTRIES;
TRUNCATE TABLE DEPARTMENTS;
TRUNCATE TABLE EMPLOYEES;
TRUNCATE TABLE JOBS;
TRUNCATE TABLE JOB_GRADES;
TRUNCATE TABLE JOB_HISTORY;
TRUNCATE TABLE LOCATIONS;
TRUNCATE TABLE REGIONS;


-- INSERT ROWS IN COUNTRIES TABLE

INSERT INTO COUNTRIES (COUNTRY_ID, COUNTRY_NAME, REGION_ID) VALUES ('CA', 'Canada', 2);
INSERT INTO COUNTRIES (COUNTRY_ID, COUNTRY_NAME, REGION_ID) VALUES ('DE', 'Germany', 1);
INSERT INTO COUNTRIES (COUNTRY_ID, COUNTRY_NAME, REGION_ID) VALUES ('UK', 'United Kingdom', 1);
INSERT INTO COUNTRIES (COUNTRY_ID, COUNTRY_NAME, REGION_ID) VALUES ('US', 'United States of America', 2);

COMMIT;


-- INSERT ROWS IN DEPARTMENTS TABLE

INSERT INTO DEPARTMENTS (DEPARTMENT_ID, DEPARTMENT_NAME, MANAGER_ID, LOCATION_ID) VALUES (10, 'Administration', 200, 1700);
INSERT INTO DEPARTMENTS (DEPARTMENT_ID, DEPARTMENT_NAME, MANAGER_ID, LOCATION_ID) VALUES (20, 'Marketing', 201, 1800);
INSERT INTO DEPARTMENTS (DEPARTMENT_ID, DEPARTMENT_NAME, MANAGER_ID, LOCATION_ID) VALUES (50, 'Shipping', 124, 1500);
INSERT INTO DEPARTMENTS (DEPARTMENT_ID, DEPARTMENT_NAME, MANAGER_ID, LOCATION_ID) VALUES (60, 'IT', 103, 1400);
INSERT INTO DEPARTMENTS (DEPARTMENT_ID, DEPARTMENT_NAME, MANAGER_ID, LOCATION_ID) VALUES (80, 'Sales', 149, 2500);
INSERT INTO DEPARTMENTS (DEPARTMENT_ID, DEPARTMENT_NAME, MANAGER_ID, LOCATION_ID) VALUES (90, 'Executive', 100, 1700);
INSERT INTO DEPARTMENTS (DEPARTMENT_ID, DEPARTMENT_NAME, MANAGER_ID, LOCATION_ID) VALUES (110, 'Accounting', 205, 1700);
INSERT INTO DEPARTMENTS (DEPARTMENT_ID, DEPARTMENT_NAME, MANAGER_ID, LOCATION_ID) VALUES (190, 'Contracting', NULL, 1700);

COMMIT;


-- INSERT ROWS INTO EMPLOYEES TABLE

INSERT INTO EMPLOYEES (EMPLOYEE_ID, FIRST_NAME, LAST_NAME, EMAIL, PHONE_NUMBER, HIRE_DATE, JOB_ID, SALARY, COMMISSION_PCT, MANAGER_ID, DEPARTMENT_ID) VALUES (100, 'Steven', 'King', 'SKING', '515.123.4567', '17-JUN-87', 'AD_PRES', 24000, NULL, NULL, 90);
INSERT INTO EMPLOYEES (EMPLOYEE_ID, FIRST_NAME, LAST_NAME, EMAIL, PHONE_NUMBER, HIRE_DATE, JOB_ID, SALARY, COMMISSION_PCT, MANAGER_ID, DEPARTMENT_ID) VALUES (101, 'Neena', 'Kochhar', 'NKOCHHAR', '515.123.4568', '21-SEP-89', 'AD_VP', 17000, NULL, 100, 90);
INSERT INTO EMPLOYEES (EMPLOYEE_ID, FIRST_NAME, LAST_NAME, EMAIL, PHONE_NUMBER, HIRE_DATE, JOB_ID, SALARY, COMMISSION_PCT, MANAGER_ID, DEPARTMENT_ID) VALUES (102, 'Lex', 'De Haan', 'LDEHAAN', '515.123.4569', '13-JAN-93', 'AD_VP', 17000, NULL, 100, 90);
INSERT INTO EMPLOYEES (EMPLOYEE_ID, FIRST_NAME, LAST_NAME, EMAIL, PHONE_NUMBER, HIRE_DATE, JOB_ID, SALARY, COMMISSION_PCT, MANAGER_ID, DEPARTMENT_ID) VALUES (103, 'ALexander', 'Hunold', 'AHUNOLD', '590.423.4567', '03-JAN-90', 'IT_PROG', 9000, NULL, 102, 60);
INSERT INTO EMPLOYEES (EMPLOYEE_ID, FIRST_NAME, LAST_NAME, EMAIL, PHONE_NUMBER, HIRE_DATE, JOB_ID, SALARY, COMMISSION_PCT, MANAGER_ID, DEPARTMENT_ID) VALUES (104, 'Bruce', 'Ernst', 'BERNST', '590.423.4568', '21-MAY-91', 'IT_PROG', 6000, NULL, 103, 60);
INSERT INTO EMPLOYEES (EMPLOYEE_ID, FIRST_NAME, LAST_NAME, EMAIL, PHONE_NUMBER, HIRE_DATE, JOB_ID, SALARY, COMMISSION_PCT, MANAGER_ID, DEPARTMENT_ID) VALUES (107, 'Diana', 'Lorentz', 'DLORENTZ', '590.423.5567', '07-FEB-99', 'IT_PROG', 4200, NULL, 103, 60);
INSERT INTO EMPLOYEES (EMPLOYEE_ID, FIRST_NAME, LAST_NAME, EMAIL, PHONE_NUMBER, HIRE_DATE, JOB_ID, SALARY, COMMISSION_PCT, MANAGER_ID, DEPARTMENT_ID) VALUES (124, 'Kevin', 'Mourgos', 'KMOURGOS', '650.123.5234', '16-NOV-99', 'ST_MAN', 5800, NULL, 100, 50);
INSERT INTO EMPLOYEES (EMPLOYEE_ID, FIRST_NAME, LAST_NAME, EMAIL, PHONE_NUMBER, HIRE_DATE, JOB_ID, SALARY, COMMISSION_PCT, MANAGER_ID, DEPARTMENT_ID) VALUES (141, 'Trenna', 'Rajs', 'TRAJS', '650.121.8009', '17-OCT-95', 'ST_CLERK', 3500, NULL, 124, 50);
INSERT INTO EMPLOYEES (EMPLOYEE_ID, FIRST_NAME, LAST_NAME, EMAIL, PHONE_NUMBER, HIRE_DATE, JOB_ID, SALARY, COMMISSION_PCT, MANAGER_ID, DEPARTMENT_ID) VALUES (142, 'Curtis', 'Davies', 'CDAVIES', '650.121.2994', '29-JAN-97', 'ST_CLERK', 3100, NULL, 124, 50);
INSERT INTO EMPLOYEES (EMPLOYEE_ID, FIRST_NAME, LAST_NAME, EMAIL, PHONE_NUMBER, HIRE_DATE, JOB_ID, SALARY, COMMISSION_PCT, MANAGER_ID, DEPARTMENT_ID) VALUES (143, 'Randall', 'Matos', 'RMATOS', '650.121.2874', '15-MAR-98', 'ST_CLERK', 2600, NULL, 124, 50);
INSERT INTO EMPLOYEES (EMPLOYEE_ID, FIRST_NAME, LAST_NAME, EMAIL, PHONE_NUMBER, HIRE_DATE, JOB_ID, SALARY, COMMISSION_PCT, MANAGER_ID, DEPARTMENT_ID) VALUES (144, 'Peter', 'Vargas', 'PVARGAS', '650.121.2004', '09-JUL-98', 'ST_CLERK', 2500, NULL, 124, 50);
INSERT INTO EMPLOYEES (EMPLOYEE_ID, FIRST_NAME, LAST_NAME, EMAIL, PHONE_NUMBER, HIRE_DATE, JOB_ID, SALARY, COMMISSION_PCT, MANAGER_ID, DEPARTMENT_ID) VALUES (149, 'Eleni', 'Zlotkey', 'EZLOTKEY', '011.44.1344.429018', '29-JAN-00', 'SA_MAN', 10500, .2, 100, 80);
INSERT INTO EMPLOYEES (EMPLOYEE_ID, FIRST_NAME, LAST_NAME, EMAIL, PHONE_NUMBER, HIRE_DATE, JOB_ID, SALARY, COMMISSION_PCT, MANAGER_ID, DEPARTMENT_ID) VALUES (174, 'Ellen', 'Abel', 'EABEL', '011.44.1644.429267', '11-MAY-96', 'SA_REP', 11000, .3, 149, 80);
INSERT INTO EMPLOYEES (EMPLOYEE_ID, FIRST_NAME, LAST_NAME, EMAIL, PHONE_NUMBER, HIRE_DATE, JOB_ID, SALARY, COMMISSION_PCT, MANAGER_ID, DEPARTMENT_ID) VALUES (176, 'Jonathon', 'Taylor', 'JTAYLOR', '011.44.1644.429265', '24-MAR-98', 'SA_REP', 8600, .2, 149, 80);
INSERT INTO EMPLOYEES (EMPLOYEE_ID, FIRST_NAME, LAST_NAME, EMAIL, PHONE_NUMBER, HIRE_DATE, JOB_ID, SALARY, COMMISSION_PCT, MANAGER_ID, DEPARTMENT_ID) VALUES (178, 'Kimberely', 'Grant', 'KGRANT', '011.44.1644.429263', '24-MAY-99', 'SA_REP', 7000, .15, 149, NULL);
INSERT INTO EMPLOYEES (EMPLOYEE_ID, FIRST_NAME, LAST_NAME, EMAIL, PHONE_NUMBER, HIRE_DATE, JOB_ID, SALARY, COMMISSION_PCT, MANAGER_ID, DEPARTMENT_ID) VALUES (200, 'Jennifer', 'Whalen', 'JWHALEN', '515.123.4444', '17-SEP-87', 'AD_ASST', 4400, NULL, 101, 10);
INSERT INTO EMPLOYEES (EMPLOYEE_ID, FIRST_NAME, LAST_NAME, EMAIL, PHONE_NUMBER, HIRE_DATE, JOB_ID, SALARY, COMMISSION_PCT, MANAGER_ID, DEPARTMENT_ID) VALUES (201, 'Michael', 'Hartstein', 'MHARTSTE', '515.123.5555', '17-FEB-96', 'MK_MAN', 13000, NULL, 100, 20);
INSERT INTO EMPLOYEES (EMPLOYEE_ID, FIRST_NAME, LAST_NAME, EMAIL, PHONE_NUMBER, HIRE_DATE, JOB_ID, SALARY, COMMISSION_PCT, MANAGER_ID, DEPARTMENT_ID) VALUES (202, 'Pat', 'Fay', 'PFAY', '603.123.6666', '17-AUG-97', 'MK_REP', 6000, NULL, 201, 20);
INSERT INTO EMPLOYEES (EMPLOYEE_ID, FIRST_NAME, LAST_NAME, EMAIL, PHONE_NUMBER, HIRE_DATE, JOB_ID, SALARY, COMMISSION_PCT, MANAGER_ID, DEPARTMENT_ID) VALUES (205, 'Shelley', 'Higgins', 'SHIGGINS', '515.123.8080', '07-JUN-94', 'AC_MGR', 12000, NULL, 101, 110);
INSERT INTO EMPLOYEES (EMPLOYEE_ID, FIRST_NAME, LAST_NAME, EMAIL, PHONE_NUMBER, HIRE_DATE, JOB_ID, SALARY, COMMISSION_PCT, MANAGER_ID, DEPARTMENT_ID) VALUES (206, 'William', 'Gietz', 'WGIETZ', '515.123.8181', '07-JUN-94', 'AC_ACCOUNT', 8300, NULL, 205, 110);

COMMIT;


-- INSERT ROWS INTO JOBS TABLE

INSERT INTO JOBS (JOB_ID, JOB_TITLE, MIN_SALARY, MAX_SALARY) VALUES ('AD_PRES', 'President', 20000, 40000);
INSERT INTO JOBS (JOB_ID, JOB_TITLE, MIN_SALARY, MAX_SALARY) VALUES ('AD_VP', 'Administration Vice President', 15000, 30000);
INSERT INTO JOBS (JOB_ID, JOB_TITLE, MIN_SALARY, MAX_SALARY) VALUES ('AD_ASST', 'Administration Assistant', 3000, 6000);
INSERT INTO JOBS (JOB_ID, JOB_TITLE, MIN_SALARY, MAX_SALARY) VALUES ('AC_MGR', 'Accounting Manager', 8200, 16000);
INSERT INTO JOBS (JOB_ID, JOB_TITLE, MIN_SALARY, MAX_SALARY) VALUES ('AC_ACCOUNT', 'Public Accountant', 4200, 9000);
INSERT INTO JOBS (JOB_ID, JOB_TITLE, MIN_SALARY, MAX_SALARY) VALUES ('SA_MAN', 'Sales Manager', 10000, 20000);
INSERT INTO JOBS (JOB_ID, JOB_TITLE, MIN_SALARY, MAX_SALARY) VALUES ('SA_REP', 'Sales Representative', 6000, 12000);
INSERT INTO JOBS (JOB_ID, JOB_TITLE, MIN_SALARY, MAX_SALARY) VALUES ('ST_MAN', 'Stock Manager', 5500, 8500);
INSERT INTO JOBS (JOB_ID, JOB_TITLE, MIN_SALARY, MAX_SALARY) VALUES ('ST_CLERK', 'Stock Clerk', 2000, 5000);
INSERT INTO JOBS (JOB_ID, JOB_TITLE, MIN_SALARY, MAX_SALARY) VALUES ('IT_PROG', 'Programmer', 4000, 10000);
INSERT INTO JOBS (JOB_ID, JOB_TITLE, MIN_SALARY, MAX_SALARY) VALUES ('MK_MAN', 'Marketing Manager', 9000, 15000);
INSERT INTO JOBS (JOB_ID, JOB_TITLE, MIN_SALARY, MAX_SALARY) VALUES ('MK_REP', 'Marketing Representative', 4000, 9000);

COMMIT;


-- INSERT ROWS INTO JOB_GRADES TABLE

INSERT INTO JOB_GRADES (GRADE_LEVEL, LOWEST_SAL, HIGHEST_SAL) VALUES ('A', 1000, 2999);
INSERT INTO JOB_GRADES (GRADE_LEVEL, LOWEST_SAL, HIGHEST_SAL) VALUES ('B', 3000, 5999);
INSERT INTO JOB_GRADES (GRADE_LEVEL, LOWEST_SAL, HIGHEST_SAL) VALUES ('C', 6000, 9999);
INSERT INTO JOB_GRADES (GRADE_LEVEL, LOWEST_SAL, HIGHEST_SAL) VALUES ('D', 10000, 14999);
INSERT INTO JOB_GRADES (GRADE_LEVEL, LOWEST_SAL, HIGHEST_SAL) VALUES ('E', 15000, 24999);
INSERT INTO JOB_GRADES (GRADE_LEVEL, LOWEST_SAL, HIGHEST_SAL) VALUES ('F', 25000, 40000);

COMMIT;


-- INSERT ROWS INTO JOB_HISTORY TABLE

INSERT INTO JOB_HISTORY (EMPLOYEE_ID, START_DATE, END_DATE, JOB_ID, DEPARTMENT_ID) VALUES (102, '13-JAN-93', '24-JUL-98', 'IT_PROG', 60);
INSERT INTO JOB_HISTORY (EMPLOYEE_ID, START_DATE, END_DATE, JOB_ID, DEPARTMENT_ID) VALUES (101, '21-SEP-89', '27-OCT-93', 'AC_ACCOUNT', 110);
INSERT INTO JOB_HISTORY (EMPLOYEE_ID, START_DATE, END_DATE, JOB_ID, DEPARTMENT_ID) VALUES (101, '28-OCT-93', '15-MAR-97', 'AC_MGR', 110);
INSERT INTO JOB_HISTORY (EMPLOYEE_ID, START_DATE, END_DATE, JOB_ID, DEPARTMENT_ID) VALUES (201, '17-FEB-96', '19-DEC-99', 'MK_REP', 20);
INSERT INTO JOB_HISTORY (EMPLOYEE_ID, START_DATE, END_DATE, JOB_ID, DEPARTMENT_ID) VALUES (114, '24-MAR-98', '31-DEC-99', 'ST_CLERK', 50);
INSERT INTO JOB_HISTORY (EMPLOYEE_ID, START_DATE, END_DATE, JOB_ID, DEPARTMENT_ID) VALUES (122, '01-JAN-99', '31-DEC-99', 'ST_CLERK', 50);
INSERT INTO JOB_HISTORY (EMPLOYEE_ID, START_DATE, END_DATE, JOB_ID, DEPARTMENT_ID) VALUES (200, '17-SEP-87', '17-JUN-93', 'AD_ASST', 90);
INSERT INTO JOB_HISTORY (EMPLOYEE_ID, START_DATE, END_DATE, JOB_ID, DEPARTMENT_ID) VALUES (176, '24-MAR-98', '31-DEC-98', 'SA_REP', 80);
INSERT INTO JOB_HISTORY (EMPLOYEE_ID, START_DATE, END_DATE, JOB_ID, DEPARTMENT_ID) VALUES (176, '01-JAN-99', '31-DEC-99', 'SA_MAN', 80);
INSERT INTO JOB_HISTORY (EMPLOYEE_ID, START_DATE, END_DATE, JOB_ID, DEPARTMENT_ID) VALUES (200, '01-JUL-94', '31-DEC-98', 'AC_ACCOUNT', 90);

COMMIT;


-- INSERT ROWS INTO LOCATIONS TABLE

INSERT INTO LOCATIONS (LOCATION_ID, STREET_ADDRESS, POSTAL_CODE, CITY, STATE_PROVINCE, COUNTRY_ID) VALUES (1400, '2014 Jabberwocky Rd', '26192', 'Southlake', 'Texas', 'US');
INSERT INTO LOCATIONS (LOCATION_ID, STREET_ADDRESS, POSTAL_CODE, CITY, STATE_PROVINCE, COUNTRY_ID) VALUES (1500, '2011 Interiors Blvd', '99236', 'South San Francisco', 'California', 'US');
INSERT INTO LOCATIONS (LOCATION_ID, STREET_ADDRESS, POSTAL_CODE, CITY, STATE_PROVINCE, COUNTRY_ID) VALUES (1700, '2004 Charade Rd', '98199', 'Seattle', 'Washington', 'US');
INSERT INTO LOCATIONS (LOCATION_ID, STREET_ADDRESS, POSTAL_CODE, CITY, STATE_PROVINCE, COUNTRY_ID) VALUES (1800, '460 Bloor St. W.', 'ON M5S 1X8', 'Toronto', 'Ontario', 'CA');
INSERT INTO LOCATIONS (LOCATION_ID, STREET_ADDRESS, POSTAL_CODE, CITY, STATE_PROVINCE, COUNTRY_ID) VALUES (2500, 'Magdalen Centre, The Oxford Science Park', 'OX9 9ZB', 'Oxford', 'Oxford', 'UK');

COMMIT;


-- INSERT ROWS INTO REGIONS TABLE

INSERT INTO REGIONS (REGION_ID, REGION_NAME) VALUES (1, 'Europe');
INSERT INTO REGIONS (REGION_ID, REGION_NAME) VALUES (2, 'Americas');
INSERT INTO REGIONS (REGION_ID, REGION_NAME) VALUES (3, 'Asia');
INSERT INTO REGIONS (REGION_ID, REGION_NAME) VALUES (4, 'Middle East and Africa');

COMMIT;
use Database_name

SELECT * FROM  JOB_HISTORY;
SELECT * FROM EMPLOYEES
---2.1(1ST QUESTION)---

SELECT CONCAT(LAST_NAME,': 1 Month Salary = ', CAST(SALARY AS INT)) AS Emp_Salary FROM EMPLOYEES;


---2.1(2ND QUESTION)----

SELECT employee_id, last_name,
SALARY * 12 AS ANNUAL_SALARY
FROM employees;

----2.1(3RD QUESTION)-----
SELECT DISTINCT (JOB_ID) FROM EMPLOYEES;

------2.1(4TH QUESTION)------

SELECT CONCAT(EMPLOYEE_ID,',',FIRST_NAME,',', LAST_NAME,',', EMAIL,',' ,PHONE_NUMBER,',',HIRE_DATE,',',JOB_ID,',', SALARY,',' ,COMMISSION_PCT,',',MANAGER_ID,',', DEPARTMENT_ID)
AS THE_OUTPUT FROM EMPLOYEES;


-----3.2(I)-----

SELECT LAST_NAME,DEPARTMENT_ID FROM EMPLOYEES
WHERE SALARY>12000

----3.2(II)-----

SELECT LAST_NAME,DEPARTMENT_ID,SALARY FROM EMPLOYEES
WHERE SALARY NOT BETWEEN 5000 AND 12000 
AND DEPARTMENT_ID IN (20,50);

----3.2(III)-----

SELECT EMPLOYEES.LAST_NAME,JOB_HISTORY.JOB_ID,JOB_HISTORY.START_DATE FROM EMPLOYEES
INNER JOIN JOB_HISTORY ON EMPLOYEES.EMPLOYEE_ID=JOB_HISTORY.EMPLOYEE_ID
WHERE HIRE_DATE >= '1998-02-20' AND HIRE_DATE <= '1998-05-01'
ORDER BY START_DATE;

SELECT E.LAST_NAME,J.JOB_ID,J.START_DATE FROM EMPLOYEES E
INNER JOIN JOB_HISTORY J ON E.EMPLOYEE_ID=J.EMPLOYEE_ID
WHERE HIRE_DATE >= '1998-02-20' AND HIRE_DATE <= '1998-05-01'
ORDER BY START_DATE;

SELECT LAST_NAME,JOB_ID,START_DATE FROM EMPLOYEES,JOB_HISTORY
INNER JOIN JOB_HISTORY ON EMPLOYEES.EMPLOYEE_ID=JOB_HISTORY.EMPLOYEE_ID
WHERE HIRE_DATE >= '1998-02-20' AND HIRE_DATE <= '1998-05-01'
ORDER BY START_DATE;


----3.2(IV)------

SELECT LAST_NAME,HIRE_DATE FROM EMPLOYEES
WHERE HIRE_DATE LIKE '1994%';

-----3.2(V)----

SELECT EMPLOYEES.LAST_NAME,JOBS.JOB_TITLE FROM EMPLOYEES
right JOIN JOBS ON JOBS.JOB_ID=EMPLOYEES.JOB_ID
WHERE MANAGER_ID IS NULL

SELECT E.LAST_NAME,J.JOB_TITLE FROM EMPLOYEES E
right JOIN JOBS J ON J.JOB_ID=E.JOB_ID
WHERE MANAGER_ID IS NULL


-----3.2(VI)-----

SELECT LAST_NAME,SALARY,COMMISSION_PCT FROM EMPLOYEES
ORDER BY SALARY,COMMISSION_PCT DESC

------3.2(VII)-----

SELECT LAST_NAME FROM EMPLOYEES
WHERE LAST_NAME LIKE '__a%';

-----3.2(IX)------

SELECT LAST_NAME,JOBS.JOB_TITLE,SALARY FROM EMPLOYEES
INNER JOIN JOBS ON JOBS.JOB_ID=EMPLOYEES.JOB_ID
WHERE JOB_TITLE IN ('Sales Representative', 'Stock Clerk')
AND salary NOT IN (2500,3500, 7000);


-----3.2(X)------

SELECT LAST_NAME,SALARY,COMMISSION_PCT FROM EMPLOYEES
WHERE COMMISSION_PCT < 20;

SELECT EXTRACT(month FROM '1987-06-17') 
SELECT * FROM EMPLOYEES

SELECT EXTRACT (YEAR FROM JOB_HISTORY)
